,mpg,cylinders,displacement,horsepower,weight,acceleration,model year
0,37.98769283565103,5,145.56201638641411,101.00710731895411,2225,11.34440288129861,75
1,37.629617676040866,4,296.4194024043554,126.10767783842462,1890,10.690623753642019,78
2,30.641536343890103,5,382.5007329644041,106.15321682971626,2126,10.705810152931125,76
3,31.865650492195996,5,176.23218563779608,89.13250544036032,2307,14.974926209919563,77
4,41.159656413055515,4,288.9374694878996,125.97536912725484,2425,22.084996571584604,80
5,31.365900212081616,4,248.39754625386814,117.14890578898701,1997,11.843151704967411,71
6,38.27009579201219,4,165.73155085919137,91.48254254218547,2175,16.888010074836117,72
7,29.59704743375328,5,308.9287456841799,110.74425525494559,2267,11.523558634485358,81
8,32.26954371079876,4,149.97191473721153,100.26610150955584,1851,13.913015786961296,71
9,33.5,4,151.0,90.0,2556,13.2,79
10,34.067582745053485,4,136.47702670674417,151.73330950772876,2503,10.128715729627466,78
11,37.01187149218212,5,328.71113312851344,148.93125872206969,2499,9.811294275802643,82
12,36.90202513376094,5,194.97810380946856,175.9734838518439,1937,13.88548568698788,78
13,40.75495658928308,5,274.32311034491,185.3593101251131,2214,11.159809555705854,79
14,32.31477006842944,4,127.410457362971,158.96093845449963,2484,16.648834449367573,79
15,38.15069023344858,4,328.8113214964832,69.94821120157167,2052,11.514006959661035,76
16,33.530715842553484,4,127.44827684893264,192.75802925460061,2107,12.950479692949788,74
17,37.4318332661005,4,134.230255749074,153.76240282665142,2243,11.071463790375606,82
18,35.60285060033718,5,419.13999914616215,164.1099689971658,2561,15.99522395882333,73
19,28.90428922849505,5,424.0751984327736,76.50425492482466,2243,12.348104177310724,75
20,26.709795299208086,4,333.2126876493007,105.09914521412031,1914,11.82304644808448,74
21,32.0,4,135.0,84.0,2295,11.6,82
22,32.118100923643,4,259.58690591452273,117.09828330509684,3518,13.40028677743151,78
23,40.994345583759205,5,141.1400118909603,120.76643105170068,4018,14.000928351556945,75
24,41.38028902519473,7,402.66710697045875,92.20028665768281,1962,11.76294300632658,74
25,41.96522531636553,5,141.59402285579708,95.51445137090104,4218,14.848976899613932,76
26,37.341953633836965,6,347.5616784453167,118.44580422940192,2009,11.414506517257513,79
27,42.82361325581209,7,345.845852709348,110.26611584801708,2206,13.733363339057677,78
28,28.349612663398236,5,231.04961558783302,128.25144288010054,3813,11.741227876208804,77
29,39.189112681393375,4,304.63648524943494,115.29879196370166,3072,22.012319483208643,77
30,29.68283009444107,4,156.0973063149984,85.30436144236305,2271,14.666441623717928,80
31,29.376600103088748,6,260.4656589163413,139.6718197203966,2431,11.210677684458663,75
32,41.23650846626816,5,168.3923880649819,77.99763633810697,1878,13.259237044361127,71
33,35.379471421050276,6,354.72993239250025,119.43499491648119,1874,14.574892387150623,73
34,36.0,4,135.0,84.0,2370,13.0,82
35,40.562581536711235,7,153.98808241662002,118.14118766622872,2018,17.096085245149382,75
36,32.285429020084734,6,166.28713680438733,89.79175884265277,1840,15.226944908001649,74
37,29.329834383807658,5,258.5992147352497,73.18709615078876,1801,13.230379226101341,75
38,40.780262423288264,5,255.83251998965005,133.1087905810741,2778,16.201547982028874,76
39,34.070785771926154,5,325.51429447487004,111.83470051381394,3603,15.109972502142623,73
40,32.15127136783721,5,316.88203012686654,90.77364722040613,3568,17.317567881349724,80
41,41.08643686569272,4,250.6906951209092,178.14032495016005,4575,14.879900092761936,75
42,36.69154794184584,5,244.02264341499338,119.82260536008995,3311,15.463806382718374,73
43,31.525328177084084,5,133.53736526286227,175.42633757475323,3322,14.203220380727466,75
44,30.0,4,135.0,84.0,2385,12.9,81
45,38.09983579282857,4,222.13768232803423,128.50169342018575,2689,9.084392739561688,73
46,40.65615932978645,5,185.84772008277912,111.43953063360769,3727,14.022643604805424,71
47,36.34333972710199,6,333.22157015693114,191.80695336227012,2024,10.93259109406344,78
48,32.68551032560525,6,164.1694019909902,93.44296296110787,1811,12.380717931637946,73
49,32.0,4,144.0,96.0,2665,13.9,82
50,31.17850858727091,4,337.7639275357299,92.33537451708006,2962,11.220593635691923,72
51,38.420452485650195,4,200.34664749977253,155.321650610348,3895,13.50266889457459,80
52,31.416079546638702,4,286.36016019033303,140.25566156063354,2914,8.928408536259086,71
53,42.95948281659955,6,143.09286068216437,171.91167395339343,2467,9.314207063704306,77
54,37.715892795761604,5,137.77407916738636,154.54204955823798,2897,13.70301082551015,74
55,38.78821684235061,4,254.1791429515204,152.070638824332,3205,18.683311855773056,81
56,37.91548214530102,6,132.4908606731475,122.97524638341565,2489,12.66762433604017,74
57,32.900542648973,4,243.40872137414138,165.52405032036552,3196,15.651305651309116,73
58,39.36661020446697,4,125.90236432182544,170.00871060541917,2700,9.153572932934445,79
59,34.03221669989179,8,171.74992528107344,138.3171232013289,2074,9.153619728003804,73
60,39.72623515780911,5,269.7597065452776,145.77018514881462,3074,14.48688973538958,70
61,39.78732551254193,4,414.9511534923312,57.43921880576281,3266,13.943639647561767,78
62,29.0,4,135.0,84.0,2525,16.0,82
63,28.4,4,151.0,90.0,2670,16.0,79
64,40.99246295360266,8,162.87365000466036,128.28181053659426,2035,17.014221636923406,73
65,28.8,6,173.0,115.0,2595,11.3,79
66,42.29072205703122,6,163.825901821096,168.54484964709727,2613,13.234897291743808,76
67,37.110857942558496,8,212.21254573117224,108.0405959938011,2126,16.396965336492947,73
68,37.33574608323914,5,345.24173998589225,55.95855065230272,4013,12.332692191290658,82
69,40.99436235947587,8,345.50957639406056,120.200117735963,2526,15.7221980704726,79
70,19.286278169200187,4,361.23646497209995,111.10286154715101,2039,9.55312113324998,74
71,27.710461499978717,4,300.9797562900379,65.95955155053363,2148,14.276286057489965,74
72,27.19477511606882,4,222.30089967720397,103.35650985673799,3780,10.777996131303587,78
73,28.740740500900518,4,337.5958706771885,78.03017093800457,3688,10.901463052356542,81
74,31.71921343127233,8,141.85122040331956,110.43054744593545,2617,15.07535233529051,77
75,13.25949101477374,4,351.7483672973731,135.303922191327,2050,19.040975932033067,76
76,11.212742650079456,4,351.9034302365409,130.66163931550892,2193,18.94227154878162,78
77,28.1,4,141.0,80.0,3230,20.4,81
78,17.45183459822835,4,158.02393327017336,88.99760527456132,2347,14.206418474981149,75
79,13.57497044193018,4,350.85003882594907,115.06461782671599,2095,11.827699084835022,73
80,32.171837357687835,6,287.6652134487512,78.06208632239843,1954,11.103365231323595,76
81,26.087150132278854,4,173.35532672035174,134.898697758715,2019,11.087578836174846,71
82,30.0,4,146.0,67.0,3250,21.8,80
83,30.422102113587712,5,172.91447188557225,59.224601502064154,3176,13.773941522842929,71
84,17.070617443449102,5,365.668223052176,133.02505568009582,2231,12.972736148182621,82
85,27.5,4,134.0,95.0,2560,14.2,78
86,40.385646956968756,7,298.8845040791657,53.86478595552401,2269,18.625195537537273,75
87,20.812691350022362,5,217.35684448547963,110.41690773555882,2364,12.039304842712465,71
88,30.10796025044984,6,368.37806614625674,59.29583090465622,2217,15.807154100229829,75
89,34.82917053353874,7,213.8667468169478,70.01319102308335,2044,13.665812097548848,72
90,17.60050509424308,5,372.7954316160303,103.07933338463482,1912,19.131066959849505,73
91,12.315314539059656,5,255.85595771013766,111.12580193546222,2150,15.405197543111909,72
92,36.940839768657796,7,419.34920312751467,116.45862199317158,3416,14.575296858993944,76
93,11.386293520662338,4,332.0606003939197,118.71685370143877,2493,15.081393520790323,81
94,14.842585544212746,4,152.6400797008563,91.95060306693522,2278,13.148876448310055,80
95,15.189740542966994,4,143.08456901144237,128.25394672376268,2274,13.204166267581172,71
96,18.46833735254136,4,141.28539400333173,92.9344366303032,2550,8.6827388024996,77
97,27.9,4,156.0,105.0,2800,14.4,80
98,27.0,4,151.0,90.0,2950,17.3,82
99,32.7,6,168.0,132.0,2910,11.4,80
100,27.66797090293926,4,146.41448259523906,57.314911473729225,3421,10.306623474211484,81
101,15.396267358470256,4,304.57555737936525,86.90084461736333,2433,21.396331917213892,77
102,34.357379298943,7,129.3912000674492,87.33441004645796,1961,13.52091637202822,81
103,31.47830933077896,6,173.56191339871927,126.91632390466003,4512,14.58551815088119,82
104,31.308136050259233,6,406.2717635389913,103.78149316995798,4574,9.674000851319947,81
105,40.854254331740925,7,231.7000595082544,137.69533709414804,3171,12.020645574318152,72
106,32.98399385578329,5,121.58728420340582,99.45097899808246,2064,11.676713763955583,82
107,32.346795956645714,6,421.298038703409,149.38978387945212,3206,12.378543998536758,75
108,26.0,4,156.0,92.0,2585,14.5,82
109,25.8,4,156.0,92.0,2620,14.4,81
110,29.895278326160124,7,271.13761756169566,101.30881372748799,4620,17.349322357819887,78
111,37.88580891726797,4,122.53922373819904,92.03576841345736,2131,13.228942426498955,78
112,40.3877453939004,6,221.53608124349836,147.73412713969378,3435,13.902726544702098,77
113,42.67702478235373,7,395.3853542875306,107.71905653578915,4117,14.282015435977474,73
114,28.0,4,151.0,90.0,2678,16.5,80
115,39.61781355003807,7,215.22235630360316,120.13887501507911,3921,17.39351963108822,73
116,26.93931379080695,4,193.1907931871391,68.02160549223753,2047,17.320072538083693,70
117,27.2,4,135.0,84.0,2490,15.7,81
118,37.101825646681746,7,316.45593398081087,97.8450438920017,2872,11.592634538019944,73
119,11.318327754215623,4,129.49668752696047,110.17949580822322,2424,12.059086012507528,76
120,29.53796252026941,6,277.2975707160984,122.40072469391168,2698,13.091031405963038,76
121,23.823847133870828,4,307.5758705516851,106.42213454940777,2065,19.200259330751095,76
122,21.04282569679846,4,383.02442115996035,165.75684278445374,2429,14.886417256259739,82
123,25.79035760945873,6,204.7695274734474,134.54632924996181,2423,11.111001095132874,76
124,28.670259768047366,7,341.95881255144354,114.86456719357038,3415,12.412924468616948,71
125,36.314527111115446,8,396.2989373882391,91.56547754858117,3158,14.062367163458145,78
126,41.88533367020635,7,128.00172525497484,112.86147283750137,2683,15.17660513653391,76
127,36.66082059880632,4,121.93486783334838,131.73690010282402,2862,10.282426376192195,80
128,31.11759818983246,7,125.917222140633,138.55812193115827,3345,13.49774028055907,77
129,25.869725402533657,5,261.25161413715784,69.84138873566783,2167,14.202035655139044,74
130,16.08261323482266,4,302.2468444767079,63.08450297226436,2381,10.739281711244708,74
131,14.165674642346236,5,153.61779747493006,65.2357491979336,2348,9.934432962243513,76
132,27.0,4,151.0,90.0,2735,18.0,82
133,30.47927617875941,6,240.74766761324094,104.3731686952042,2933,12.49529455864938,70
134,26.523259536022593,5,292.25472024190924,167.96919115072285,3270,8.598274138840607,76
135,27.76760582479234,6,276.29710016597573,147.99757580936273,2115,15.34250386279037,75
136,35.0,4,122.0,88.0,2500,15.1,80
137,22.763007324765475,5,336.6055442177454,158.09561132857112,2228,18.971949279348788,77
138,26.03671523374313,7,179.98077615404162,129.8318851882749,2387,14.089887142484713,81
139,31.298716865405503,6,331.9220667236583,144.14389333445476,3129,17.858579188765212,72
140,31.01734493948837,7,400.20776105988784,186.4709558106269,3631,13.582312161911984,73
141,20.0,4,140.0,90.0,2408,19.5,72
142,38.35698920489688,8,236.0971151665423,103.81196083985442,3178,10.601843653647318,82
143,26.729917240051215,4,140.8086199240934,125.72784691336697,2706,18.55028459909555,73
144,37.016250098066564,6,381.3158194543596,61.60461997187038,3790,8.731964806512966,73
145,34.05561540750484,8,140.9440200056623,98.04706839342276,3232,22.174254577216335,81
146,26.147991608879693,7,246.3357236617007,133.61852674323447,1917,12.716694942131873,81
147,22.944303247126523,4,378.6902115215525,148.0484468664604,2343,15.148106413734661,70
148,20.828150153919506,4,212.50392918168743,73.7036586371039,2104,10.883937152859612,77
149,38.0,6,262.0,85.0,3015,17.0,82
150,26.806689690347582,6,134.79166599142275,181.2847381604866,1971,13.023949267585287,78
151,16.122076337419067,4,404.3013892051448,63.42235413884033,2156,21.142946420332084,80
152,14.246586510803787,7,271.0436648348698,99.67239880496342,2004,10.327740525824314,76
153,18.159023358871263,7,290.77861483373897,109.97092994814048,2446,12.757730394960122,75
154,29.961431711422954,8,155.81965292567264,108.16463986239998,2924,15.036700173763254,73
155,21.1,4,134.0,95.0,2515,14.8,78
156,27.18882118529352,6,182.7440166090799,122.864166381226,2966,15.744815078142068,75
157,23.326193438510572,4,177.3122501910617,80.67747345928339,2441,8.882409287744157,76
158,25.66115506028781,4,378.1348689681305,112.27378187725537,2865,17.281029778865623,79
159,11.89896713089491,4,232.71343191251754,101.05219133697986,3939,14.85968529657587,76
160,31.55831963782887,6,258.57771460694755,72.83106186761374,2896,10.980832705998239,71
161,19.317112288267456,4,218.38171087006356,65.7906210229568,2115,16.92882722725608,78
162,30.7,6,145.0,76.0,3160,19.6,81
163,20.451890331626288,6,280.7345705286884,109.87328436228964,2187,16.296809968638772,74
164,40.736168271876686,8,300.6709728751918,198.97870142348398,2729,10.986781598510085,76
165,18.458384216688035,4,147.5994585431167,60.92512833575956,1946,13.532027970900725,79
166,19.700082080037365,5,267.16524935030003,140.44510215626093,2605,14.968851798244135,71
167,38.70215298714401,8,175.52957725241777,87.03994550878897,2661,14.676754023529831,80
168,23.551625266778487,5,342.5037209457976,225.9677208939682,2477,15.727707304321735,80
169,25.795874282188407,8,274.66454450752826,114.1807912951687,1893,15.174013149521736,82
170,16.5230087291284,4,421.7567617366427,133.38973560393384,2709,10.608477623426321,78
171,31.664450428286496,8,271.31576614689106,79.41741082088629,3106,15.230500965538559,80
172,26.921406220921657,5,137.75351032675556,69.08710495932105,2168,12.185564770009666,72
173,30.625487043622513,6,154.40215593098478,65.16254801295636,2730,12.767669403301555,74
174,18.906808947200798,4,151.62006371702205,148.90564317818453,2615,17.360545598949454,77
175,23.369047765801334,5,431.57472935739844,77.62579063267091,2174,13.672087627892765,78
176,24.984564925502255,5,336.13479108524064,65.37170131901823,2177,9.838920784308677,73
177,29.848738651713173,8,124.7912621209439,212.0081923541435,2171,18.513323711510022,71
178,21.785879325131937,4,217.3626642859057,87.39287403693581,1924,16.668279005514542,73
179,22.50596199122918,7,187.5738962800026,102.53970758875786,2367,14.363572289322265,76
180,29.74090536586606,8,316.8097947130874,66.66194711021781,3991,12.686327280681189,72
181,41.39806752807575,5,121.60925025926878,64.7446250776458,3862,15.031202797182129,78
182,27.51319786632478,6,141.3449123594981,75.01157235000652,4649,12.643612684686607,74
183,22.828017383035228,7,372.32592189324475,111.57599734288317,1851,14.31320602208811,75
184,31.26267867092967,8,174.85322783713167,59.17622658015716,4367,17.806676873063054,75
185,20.705143283410777,6,315.333084788021,147.36492438006343,2288,9.814681927131698,77
186,17.001290304854002,4,244.4965637560802,120.85522036983973,3553,13.170576425431996,81
187,16.940893265818517,5,229.1318440959842,156.35694580181203,2988,10.756158489783926,74
188,26.6,4,151.0,84.0,2635,16.4,81
189,43.164553885730314,8,124.17434960313798,157.62010443606064,3666,13.352119056608952,73
190,18.707753879874506,5,205.76363689516862,115.6726805770336,4083,9.712798458182938,72
191,14.322219083697572,8,252.358247338828,135.86772518794479,2305,19.081632107585904,78
192,23.942881598092466,5,214.61310198858547,138.17164880531678,3655,10.624121428758144,74
193,20.81328782587324,4,188.88619619433314,156.74033687489953,4167,14.594110963155385,75
194,15.888196772659057,6,131.3687177243096,109.99067146032473,2400,13.20026953418156,74
195,26.5,4,140.0,72.0,2565,13.6,76
196,17.51152117822748,4,294.6182596908204,120.66026592194089,2693,16.45465862016153,78
197,25.0,4,140.0,92.0,2572,14.9,76
198,20.0,4,130.0,102.0,3150,15.7,76
199,18.86583997790796,4,159.53397760351731,171.08872198421534,3029,16.10714941098731,76
200,17.140190065857578,5,166.21722782373507,89.74468385568358,3372,11.700119926680369,70
201,26.44399846896424,7,127.43053145197862,104.0145966979295,3867,21.695076969352883,76
202,21.644590132544593,4,129.73594574710876,110.15548049392604,2620,16.21348806020004,75
203,14.96206413676584,4,136.35475892134636,66.99072792380807,2404,10.83079267738398,82
204,17.37173299661085,7,139.19851795491073,90.40436736430868,2352,14.421555100096102,71
205,21.79489659157135,6,169.9736264687894,102.54027311206777,2281,12.885753863814136,81
206,20.288226842127127,4,329.9272884642986,60.07145929276616,3597,11.71134143278448,76
207,19.735648062462275,5,269.91501611067207,134.66960734041535,2693,16.916584733225875,81
208,21.0,4,140.0,72.0,2401,19.5,73
209,24.20378340268792,6,148.4416815609282,202.12126738058228,2356,14.784048838362729,82
210,20.058360263772585,4,133.30376792300095,127.99417950741572,3120,13.72082652921444,80
211,17.216119750068305,4,165.37754503141787,61.23638120614882,2611,19.78062806532909,72
212,22.640183586181678,6,156.1126802635857,213.2504652632814,2398,14.174950826884416,71
213,37.0,4,119.0,92.0,2434,15.0,80
214,12.486417147939147,5,232.33139525666235,72.50009710651938,4198,10.098429358462724,76
215,12.019962539744025,8,156.5831127066811,157.0482287021184,1812,16.441439129771812,76
216,18.393327285736873,7,351.0726834899453,82.50572808402458,2135,18.262323618561965,79
217,41.22723335049261,7,119.09301909077354,151.32911737100594,2368,22.370868199660954,80
218,20.3,5,131.0,103.0,2830,15.9,78
219,33.295484669696926,4,121.26998807676628,95.26641732684939,2302,11.91491515726418,71
220,23.2,4,156.0,105.0,2745,16.7,78
221,26.4,4,140.0,88.0,2870,18.1,80
222,17.475499111722073,5,303.0846084972448,81.5107915622405,3499,13.333217417313667,77
223,24.008425029411224,5,401.0842304215979,110.50113179450983,2937,17.07832484456085,73
224,31.259917433836527,6,109.38387809678618,156.74929459144934,2414,14.746247042000826,72
225,26.6,8,350.0,105.0,3725,19.0,81
226,24.304741574504654,4,144.28596338355624,91.19870744914434,2631,15.019295210188501,75
227,21.43309120963812,5,202.35254294917294,82.2304424427249,3337,19.59126936192781,75
228,29.622904443559964,6,110.78007863001469,163.7937303049112,2336,15.390136147523519,70
229,14.898032698120563,5,124.24635428844645,160.99336895710496,2320,14.306889645368383,70
230,22.747834120781334,4,131.34504599695555,153.11284210536306,3684,17.32740721097972,75
231,39.22816119056473,6,108.35036925126533,101.91907348267738,3036,9.272688544309723,78
232,21.882098976475472,4,132.75181142809924,190.40879496677792,3113,18.891648044751342,77
233,38.76094139121654,7,111.81636224573087,122.89608175397436,4400,10.61262893607166,76
234,23.640462764653734,6,422.3963673253163,143.17483838452958,2472,12.650218472184596,73
235,24.020736309007695,4,211.41128226755407,128.17134794322962,2903,15.240911207353404,79
236,23.0,4,151.0,93.5,3035,20.5,82
237,24.3,4,151.0,90.0,3003,20.1,80
238,27.562877307173597,8,360.5374878104572,144.99644859386692,3789,11.21238125222794,70
239,19.341416816423397,7,200.9864123274295,77.69263521705591,2405,11.319814728158674,73
240,34.6687414503929,5,113.54257051018921,131.49050211580254,3937,13.0730619372289,77
241,19.58533191056059,8,162.73760300956525,150.00623693433448,2229,15.094896227264408,82
242,18.221999983966437,5,124.73530021512074,128.60897448716392,2103,11.844143651673233,75
243,14.368218954247364,5,264.5992115925548,60.03063331104392,4781,13.76308514244491,82
244,25.5,4,122.0,96.0,2300,15.5,77
245,32.56644217564673,5,109.71039009380648,148.87642564301996,2186,11.454998091044352,73
246,14.689796116091777,5,131.76292635019874,99.65783965429188,2652,22.44419887922834,80
247,23.6,4,140.0,93.5,2905,14.3,80
248,10.617511811381016,4,168.05361758008024,73.35381361468554,3584,20.6654845216508,73
249,18.0,6,171.0,97.0,2984,14.5,75
250,33.10064416169141,4,111.15639631569648,107.7429192011779,3780,8.648191140652296,79
251,19.523675961418835,6,250.9818953484303,103.66581127579622,4689,12.77567032415899,76
252,15.769757716234174,6,319.4738780267498,75.76801689745832,2247,14.075363369784185,72
253,24.0,4,134.0,96.0,2702,13.5,75
254,13.477820951104539,6,250.1117865969706,111.94117858334775,3009,14.696452081940501,74
255,21.674520258470032,4,130.9659654708533,94.86845234732067,3520,16.117572736740083,82
256,22.50201871278607,6,132.6451020885941,86.62193147495672,2389,15.007008564413223,78
257,16.0,6,250.0,100.0,3781,17.0,74
258,20.5,6,231.0,105.0,3425,16.9,77
259,18.0,6,250.0,105.0,3459,16.0,75
260,20.6,6,231.0,105.0,3380,15.8,78
261,18.5,6,250.0,98.0,3525,19.0,77
262,20.5,6,225.0,100.0,3430,17.2,78
263,20.0,6,232.0,100.0,2914,16.0,75
264,16.0,6,250.0,105.0,3897,18.5,75
265,19.0,6,232.0,100.0,2901,16.0,74
266,19.2,6,231.0,105.0,3535,19.2,78
267,20.0,6,225.0,100.0,3651,17.7,76
268,15.0,6,250.0,100.0,3336,17.0,74
269,19.0,6,225.0,100.0,3630,17.7,77
270,18.0,6,225.0,105.0,3613,16.5,74
271,21.0,6,231.0,110.0,3039,15.0,75
272,21.273036721796252,6,161.57752650603254,99.58704724682273,3452,16.607715447225075,78
273,25.5,4,140.0,89.0,2755,15.8,77
274,16.2,6,163.0,133.0,3410,15.8,78
275,20.95298656452227,6,174.0377653217621,138.0828735173362,3237,18.28276841484515,77
276,21.773817572119185,4,350.9745299223637,77.81764562696104,3715,12.982073290607282,75
277,32.9,4,119.0,100.0,2615,14.8,81
278,19.0,6,156.0,108.0,2930,15.5,76
279,18.5,6,250.0,110.0,3645,16.2,76
280,16.0,6,258.0,110.0,3632,18.0,74
281,18.6,6,225.0,110.0,3620,18.7,78
282,17.0,6,231.0,110.0,3907,21.0,75
283,15.0,6,258.0,110.0,3730,19.0,75
284,16.5,6,168.0,120.0,3820,16.7,76
285,23.292899280546408,5,159.2389485820368,131.3639245290344,2695,14.349622890733299,70
286,19.0,4,122.0,85.0,2310,18.5,73
287,25.766348330405425,7,144.46834043714938,68.12503040602722,3450,10.806882143155025,75
288,17.5,6,258.0,95.0,3193,17.8,76
289,20.0,6,198.0,95.0,3102,16.5,74
290,19.4,6,232.0,90.0,3210,17.2,78
291,18.0,6,225.0,95.0,3785,19.0,75
292,20.5,6,200.0,95.0,3155,18.2,78
293,19.0,6,232.0,90.0,3211,17.0,75
294,21.99797088722272,5,420.1680007431702,86.350538225038,2854,9.26761207729122,77
295,26.0,4,122.0,80.0,2451,16.5,74
296,24.048875311820716,7,354.7950608616691,100.74125280689108,4079,10.42657526458435,76
297,23.955948374208635,6,431.5380843677599,70.07631475856847,1978,9.97207545962636,82
298,22.0,4,122.0,86.0,2395,16.0,72
299,10.831905733521285,7,378.38214139549103,95.97754864792341,3676,11.53060981068867,72
300,19.869482028825615,7,339.6260625676508,91.2101042547788,3048,15.296693799092852,80
301,27.2,4,119.0,97.0,2300,14.7,78
302,25.4,5,183.0,77.0,3530,20.1,79
303,20.6,6,225.0,110.0,3360,16.6,79
304,17.7,6,231.0,165.0,3445,13.4,78
305,22.0,6,250.0,105.0,3353,14.5,76
306,19.1,6,225.0,90.0,3381,18.7,80
307,20.2,6,232.0,90.0,3265,18.2,79
308,21.5,6,231.0,115.0,3245,15.4,79
309,18.0,6,232.0,100.0,2945,16.0,73
310,18.0,6,225.0,105.0,3121,16.5,73
311,16.0,6,250.0,100.0,3278,18.0,73
312,13.902168520994497,6,133.8771359400886,121.27289818694186,3797,14.391206359363755,74
313,11.617330444023157,6,142.47107089064096,131.41139503053367,3387,14.753599536391427,73
314,23.031633575761745,6,128.2901043708478,132.25340959378764,2585,12.03210937608602,81
315,15.875600095982612,6,198.52908754473486,174.8126303837663,3590,18.17079435445079,75
316,21.0,4,122.0,86.0,2226,16.5,72
317,22.0,6,225.0,100.0,3233,15.4,76
318,26.0,4,108.0,93.0,2391,15.5,74
319,19.0,6,250.0,100.0,3282,15.0,71
320,18.0,6,232.0,100.0,3288,15.5,71
321,17.0,6,250.0,100.0,3329,15.5,71
322,16.0,6,225.0,105.0,3439,15.5,71
323,21.23383750807586,6,127.94674674435335,116.02490446723047,4222,17.31479088288163,74
324,34.0,4,112.0,88.0,2395,18.0,82
325,23.0,4,140.0,78.0,2592,18.5,75
326,22.52940413787999,4,127.59996861280966,86.05964123897387,2787,14.975750889239677,76
327,22.5,6,232.0,90.0,3085,17.6,76
328,24.376029132821486,8,138.12684318276618,122.50933337130527,2555,19.6836946999761,73
329,25.1,4,140.0,88.0,2720,15.4,78
330,19.758873726150497,6,311.34099672956614,171.97815535321124,4014,21.336570311822786,73
331,22.3,4,140.0,88.0,2890,17.3,79
332,18.0,6,232.0,100.0,2789,15.0,73
333,21.56157380026674,6,285.7386430712058,204.5873055827013,3793,13.640843666422295,74
334,20.0,6,156.0,122.0,2807,13.5,73
335,22.0,6,146.0,97.0,2815,14.5,77
336,21.1463150640648,7,171.10315664062364,228.01487658794508,4096,11.822820288654937,73
337,24.2,6,146.0,120.0,2930,13.8,81
338,21.0,6,200.0,85.0,2587,16.0,70
339,14.656237690581746,6,206.60773718392724,216.96166086472763,3250,13.923911791613444,73
340,18.0,6,199.0,97.0,2774,15.5,70
341,25.4,6,168.0,116.0,2900,12.6,81
342,20.172880600369062,7,378.70300048431193,57.56420053879273,3106,8.913410924837205,78
343,28.0,4,116.0,90.0,2123,14.0,71
344,22.4,6,231.0,110.0,3415,15.8,81
345,17.5,8,318.0,140.0,4080,13.7,78
346,19.4,8,318.0,140.0,3735,13.2,78
347,18.1,8,302.0,139.0,3205,11.2,78
348,13.0,8,302.0,129.0,3169,12.0,75
349,21.0,6,199.0,90.0,2648,15.0,70
350,19.885817920388355,6,266.08340945742344,84.7531576831298,3234,9.951391040967414,82
351,20.2,6,200.0,85.0,2965,15.8,78
352,20.8,6,200.0,85.0,3070,16.7,78
353,20.735072833793144,7,141.56906233100486,52.841222032814514,3508,14.404980023197947,76
354,22.777182540104313,6,406.72526386842037,147.26252852831402,4108,13.83216191665009,73
355,26.0,4,121.0,113.0,2234,12.5,70
356,23.0,4,122.0,86.0,2220,14.0,71
357,20.2,6,200.0,88.0,3060,17.1,81
358,15.0,6,250.0,72.0,3158,19.5,75
359,18.0,6,250.0,78.0,3574,21.0,76
360,15.0,6,250.0,72.0,3432,21.0,75
361,16.0,8,302.0,140.0,4141,14.0,74
362,20.2,8,302.0,139.0,3570,12.8,78
363,17.5,8,305.0,140.0,4215,13.0,76
364,13.0,8,302.0,130.0,3870,15.0,76
365,15.0,8,302.0,130.0,4295,14.9,77
366,14.0,8,302.0,140.0,4638,16.0,74
367,15.5,8,304.0,120.0,3962,13.9,76
368,20.0,8,262.0,110.0,3221,13.5,75
369,19.8,6,200.0,85.0,2990,18.2,79
370,17.6,6,225.0,85.0,3465,16.6,81
371,18.0,6,250.0,88.0,3021,16.5,73
372,13.0,8,350.0,145.0,4055,12.0,76
373,16.0,8,400.0,170.0,4668,11.5,75
374,15.5,8,350.0,170.0,4165,11.4,77
375,23.9,4,119.0,97.0,2405,14.9,78
376,18.2,8,318.0,135.0,3830,15.2,79
377,15.5,8,351.0,142.0,4054,14.3,79
378,16.5,8,351.0,138.0,3955,13.2,79
379,15.5,8,400.0,190.0,4325,12.2,77
380,16.5,8,350.0,180.0,4380,12.1,76
381,19.2,8,267.0,125.0,3605,15.0,79
382,19.0,6,250.0,88.0,3302,15.5,71
383,18.0,6,250.0,88.0,3139,14.5,71
384,17.6,8,302.0,129.0,3725,13.4,79
385,16.0,8,351.0,149.0,4335,14.5,77
386,13.0,8,350.0,150.0,4699,14.5,74
387,16.74414454740532,8,164.7098845450802,91.43132366534381,4308,19.15842861021671,81
388,15.0,8,350.0,145.0,4440,14.0,75
389,15.5,8,318.0,145.0,4140,13.7,77
390,13.0,8,318.0,150.0,3755,14.0,76
391,14.5,8,351.0,152.0,4215,12.8,76
392,16.0,8,318.0,150.0,4190,13.0,76
393,12.742861003287896,5,118.3363407664274,107.06751889911727,2251,12.619284649017754,78
394,14.0,8,351.0,148.0,4657,13.5,75
395,14.0,8,318.0,150.0,4457,13.5,74
396,28.87599174258156,7,113.63945249818043,83.44955462692847,4571,11.753273640121138,76
397,36.4,5,121.0,67.0,2950,19.9,80
398,20.10823720931434,4,123.55355847692806,87.27830621225284,2834,16.598271690945012,81
399,32.4,4,108.0,75.0,2350,16.8,81
400,13.0,8,302.0,140.0,4294,16.0,72
401,14.0,8,302.0,137.0,4042,14.5,73
402,16.717809721146807,6,156.5183613244904,54.77323453635648,2930,13.38598006724761,70
403,23.9,8,260.0,90.0,3420,22.2,79
404,17.0,8,302.0,140.0,3449,10.5,70
405,17.5,8,305.0,145.0,3880,12.5,77
406,23.77488873388005,6,357.09547893835725,79.89403136432189,2976,10.166314172514241,82
407,13.0,8,400.0,150.0,4464,12.0,73
408,11.0,8,429.0,208.0,4633,11.0,72
409,13.0,8,360.0,175.0,3821,11.0,73
410,14.0,8,400.0,175.0,4385,12.0,72
411,15.0,8,318.0,150.0,3399,11.0,73
412,13.0,8,350.0,165.0,4274,12.0,72
413,23.128308266967252,6,114.09399753517833,120.45171517125955,2368,12.254949803430488,73
414,16.9,8,350.0,155.0,4360,14.9,79
415,33.09669574957577,4,98.0540460745698,170.52703853778402,2966,13.604978310280465,72
416,24.0,4,120.0,97.0,2489,15.0,74
417,24.0,6,200.0,81.0,3012,17.6,76
418,33.92196499387657,4,88.57904892569394,137.42718377529042,2290,15.708232967388886,80
419,21.72647177151699,5,118.29061823408976,191.2451213256419,2192,14.557309171928985,76
420,20.77742824657315,8,314.64152210450493,86.25936393212973,4916,11.47219669028193,75
421,13.0,8,350.0,155.0,4502,13.5,72
422,12.0,8,350.0,180.0,4499,12.5,73
423,13.0,8,351.0,158.0,4363,13.0,73
424,12.0,8,350.0,160.0,4456,13.5,72
425,13.0,8,350.0,175.0,4100,13.0,73
426,15.0,8,318.0,150.0,3777,12.5,73
427,13.0,8,350.0,145.0,3988,13.0,73
428,15.0,8,350.0,145.0,4082,13.0,73
429,14.0,8,351.0,153.0,4129,13.0,72
430,15.0,8,318.0,150.0,4135,13.5,72
431,14.0,8,318.0,150.0,4077,14.0,72
432,13.0,8,360.0,170.0,4654,13.0,73
433,17.0,8,304.0,150.0,3672,11.5,72
434,14.0,8,304.0,150.0,3672,11.5,73
435,15.0,8,383.0,170.0,3563,10.0,70
436,15.0,8,400.0,150.0,3761,9.5,70
437,15.0,8,350.0,165.0,3693,11.5,70
438,18.0,8,318.0,150.0,3436,11.0,70
439,13.0,8,400.0,170.0,4746,12.0,71
440,14.0,8,350.0,165.0,4209,12.0,71
441,32.36420105701454,4,105.97805945936761,102.16103906712675,3585,11.91804733517086,79
442,34.5,4,100.0,93.5,2320,15.8,81
443,31.6,4,120.0,74.0,2635,18.3,81
444,19.319807739484688,4,111.22803900391645,155.57717630166178,2914,9.591218482076563,74
445,10.603210112325955,6,108.17845718705995,88.63002014382302,4905,9.430869181645196,76
446,35.637922040855216,5,97.63798820917316,164.86781879835493,2705,10.12661802643235,75
447,19.16643131939816,8,168.60092282013449,174.91084893736897,2771,10.106889970226948,71
448,41.59413001867172,5,102.2963602926064,141.5349189969503,3301,16.645435048702574,80
449,30.0,4,111.0,80.0,2155,14.8,77
450,29.123305873992308,5,115.29387138590705,75.62523473578474,2634,11.870689968671105,81
451,16.0,8,304.0,150.0,3433,12.0,70
452,14.046497516275284,7,131.51376546253073,78.55274024081857,2930,15.338492111500813,74
453,31.0,4,119.0,82.0,2720,19.4,82
454,11.0,8,318.0,210.0,4382,13.5,70
455,14.0,8,351.0,153.0,4154,13.5,71
456,14.0,8,318.0,150.0,4096,13.0,71
457,31.3,4,120.0,75.0,2542,17.5,80
458,31.923194587899026,4,105.21877909196954,107.6038857837936,1810,21.11586533585373,78
459,22.0,4,108.0,94.0,2379,16.5,73
460,19.38894190492468,5,114.58147262029813,116.4315135685573,3401,14.003188374141915,77
461,31.55768854498982,4,102.56713067902619,88.95417380432342,1857,11.52269700941672,72
462,29.582922738344255,5,95.72831642266519,99.97702105993389,2598,10.65249660672365,77
463,23.93806208225579,5,114.93404265329053,112.6501746055451,2025,16.506607784199822,79
464,19.677206479367314,8,292.971766286042,72.78190772578724,3731,13.707716119859231,81
465,32.2,4,108.0,75.0,2265,15.2,80
466,24.0,4,113.0,95.0,2372,15.0,70
467,34.0,4,108.0,70.0,2245,16.9,82
468,28.0,4,107.0,86.0,2464,15.5,76
469,21.357090581280197,6,109.50730583805364,200.60439626734188,4288,12.241218690181542,72
470,21.5,4,121.0,110.0,2600,12.8,77
471,24.0,4,119.0,97.0,2545,17.0,75
472,12.73136088431185,4,109.5495545392484,97.90379971580494,3581,12.848167416123623,72
473,33.7,4,107.0,75.0,2210,14.4,81
474,36.0,4,107.0,75.0,2205,14.5,82
475,27.4,4,121.0,80.0,2670,15.0,79
476,22.0,4,121.0,98.0,2945,14.5,75
477,26.294509678946508,6,104.07313018784029,124.88681820296821,2047,8.73084637216694,76
478,10.929366981853558,7,111.82131873315348,91.45346490782134,2855,15.312943879528394,80
479,28.0,4,97.0,92.0,2288,17.0,72
480,24.0,4,107.0,90.0,2430,14.5,70
481,20.0,4,114.0,91.0,2582,14.0,73
482,19.0,4,121.0,112.0,2868,15.5,73
483,20.35387004250294,4,104.2649617950443,105.23725007940996,3033,10.356126676337846,77
484,23.0,4,115.0,95.0,2694,15.0,75
485,19.0,4,120.0,88.0,3270,21.9,76
486,21.6,4,121.0,115.0,2795,15.7,78
487,10.747311090789594,8,107.74942239888001,119.84804493978024,3207,14.283804217212634,73
488,15.063694920213162,6,104.9015933078846,114.95134696132197,3114,16.611147997252083,74
489,17.300922584106935,5,87.74670619355499,132.78159109733997,3007,11.212818805425936,71
490,32.687393989260386,5,95.37919432895607,85.35639192421606,4013,10.451675393414291,80
491,36.78009359593365,6,98.38573886263971,86.89453867139031,2751,21.085800060952423,77
492,24.0,4,121.0,110.0,2660,14.0,73
493,10.78049661800043,8,112.75685816784463,64.4015112100398,1939,18.618828403977762,74
494,14.814510216908355,6,102.12465475666346,202.1943124306506,3107,18.019650693794834,82
495,16.344401915347003,8,115.9878178003516,62.98717991371913,1894,19.828664005584162,80
496,25.0,4,116.0,81.0,2220,16.9,76
497,17.647882045119093,7,88.76357718912384,130.21213701808608,2036,15.019247717826051,80
498,13.939700089097144,4,88.64832602011046,91.77230781333313,2246,14.721736456733524,79
499,22.343545007019905,6,99.09146769536989,90.50241315042716,3609,8.670382506003687,72
500,23.0,4,120.0,88.0,2957,17.0,75
501,24.0,4,116.0,75.0,2158,15.5,73
502,23.71240628346963,4,96.9420582072023,135.2296098238073,3731,16.639752428317966,80
503,27.0,4,112.0,88.0,2640,18.6,82
504,24.079059698406972,4,98.1709166389424,197.921326634251,2621,10.633119480188142,79
505,24.883299630234685,5,99.81402419133327,177.74621348228465,2651,16.286956250706588,80
506,24.121846953252497,5,97.13839051620918,149.58432430277128,2678,17.861648333109336,81
507,25.0,4,110.0,87.0,2672,17.5,70
508,20.0,4,97.0,88.0,2279,19.0,73
509,25.0,4,98.0,93.5,2046,19.0,71
510,23.622891271867573,4,115.79494407188866,63.67103802295113,3621,17.266098685912162,70
511,27.0,4,97.0,88.0,2130,14.5,70
512,27.0,4,97.0,88.0,2130,14.5,71
513,35.7,4,98.0,80.0,1915,14.4,79
514,31.5,4,89.0,71.0,1990,14.9,78
515,36.1,4,98.0,66.0,1800,14.4,78
516,29.9,4,98.0,65.0,2380,20.7,81
517,26.0,4,97.0,78.0,2300,14.5,74
518,41.5,4,98.0,76.0,2144,14.7,80
519,33.0,4,105.0,74.0,2190,14.2,81
520,38.0,4,105.0,63.0,2125,14.7,82
521,34.5,4,105.0,70.0,2150,14.9,79
522,37.3,4,91.0,69.0,2130,14.7,79
523,29.5,4,97.0,71.0,1825,12.2,76
524,31.9,4,89.0,71.0,1925,14.0,79
525,34.2,4,105.0,70.0,2200,13.2,79
526,32.0,4,91.0,67.0,1965,15.7,82
527,34.3,4,97.0,78.0,2188,15.8,80
528,32.1,4,98.0,70.0,2120,15.5,80
529,30.9,4,105.0,75.0,2230,14.5,78
530,30.5,4,97.0,78.0,2190,14.1,77
531,29.0,4,97.0,78.0,1940,14.5,77
532,29.0,4,90.0,70.0,1937,14.2,76
533,36.1,4,91.0,60.0,1800,16.4,78
534,31.5,4,98.0,68.0,2045,18.5,77
535,33.8,4,97.0,67.0,2145,18.0,80
536,37.0,4,91.0,68.0,2025,18.2,82
537,37.7,4,89.0,62.0,2050,17.3,81
538,38.1,4,89.0,60.0,1968,18.8,80
539,32.3,4,97.0,67.0,2065,17.8,81
540,38.0,4,91.0,67.0,1995,16.2,82
541,34.1,4,91.0,68.0,1985,16.0,81
542,36.0,4,98.0,70.0,2125,17.3,82
543,39.0,4,86.0,64.0,1875,16.4,81
544,24.632215222754443,7,98.49720151690883,72.32440674725498,2584,14.70231080599968,73
545,29.8,4,89.0,62.0,1845,15.3,80
546,27.0,4,101.0,83.0,2202,15.3,76
547,30.0,4,97.0,67.0,1985,16.4,77
548,30.0,4,98.0,68.0,2155,16.5,78
549,29.0,4,97.0,75.0,2171,16.0,75
550,29.5,4,98.0,68.0,2135,16.6,78
551,30.5,4,98.0,63.0,2051,17.0,77
552,28.0,4,90.0,75.0,2125,14.5,74
553,26.0,4,98.0,79.0,2255,17.7,76
554,30.0,4,88.0,76.0,2065,14.5,71
555,28.0,4,98.0,80.0,2164,15.0,72
556,25.0,4,97.5,80.0,2126,17.0,72
557,24.0,4,90.0,75.0,2108,15.5,74
558,26.0,4,97.0,75.0,2265,18.2,77
559,28.0,4,97.0,75.0,2155,16.4,76
560,26.0,4,96.0,69.0,2189,18.0,72
561,23.0,4,97.0,54.0,2254,23.5,72
